Customer,next_month_default
1,0
2,0
3,0
4,1
5,0
6,1
7,1
8,0
9,0
10,0
11,0
12,1
13,0
14,1
15,1
16,0
17,0
18,0
19,0
20,0
21,0
22,1
23,1
24,1
25,1
26,1
27,1
28,1
29,0
30,0
31,0
32,1
33,1
34,1
35,1
36,1
37,0
38,0
39,1
40,0
41,1
42,0
43,1
44,0
45,0
46,1
47,1
48,1
49,0
50,0
51,0
52,1
53,0
54,0
55,1
56,0
57,0
58,0
59,0
60,1
61,1
62,1
63,0
64,1
65,0
66,0
67,0
68,1
69,1
70,0
71,1
72,0
73,0
74,0
75,1
76,1
77,1
78,1
79,0
80,1
81,0
82,1
83,1
84,1
85,1
86,1
87,0
88,0
89,1
90,0
91,0
92,0
93,1
94,1
95,1
96,1
97,0
98,0
99,0
100,0
101,1
102,1
103,0
104,1
105,0
106,0
107,1
108,0
109,0
110,1
111,0
112,1
113,0
114,0
115,1
116,0
117,1
118,1
119,1
120,0
121,1
122,0
123,0
124,1
125,1
126,0
127,1
128,1
129,0
130,0
131,1
132,0
133,0
134,0
135,1
136,1
137,1
138,1
139,0
140,0
141,1
142,1
143,0
144,1
145,1
146,1
147,0
148,1
149,0
150,0
151,0
152,0
153,0
154,1
155,1
156,1
157,1
158,1
159,0
160,0
161,0
162,1
163,0
164,1
165,0
166,0
167,0
168,1
169,1
170,0
171,0
172,1
173,0
174,1
175,0
176,0
177,0
178,0
179,0
180,1
181,1
182,0
183,1
184,1
185,1
186,0
187,1
188,0
189,1
190,1
191,0
192,0
193,0
194,1
195,1
196,0
197,0
198,0
199,1
200,0
201,0
202,0
203,1
204,0
205,1
206,1
207,0
208,0
209,1
210,1
211,0
212,0
213,1
214,0
215,0
216,1
217,1
218,0
219,1
220,0
221,1
222,0
223,1
224,1
225,1
226,0
227,1
228,0
229,0
230,1
231,1
232,1
233,0
234,1
235,1
236,1
237,1
238,1
239,1
240,1
241,0
242,0
243,0
244,0
245,1
246,1
247,0
248,1
249,1
250,1
251,1
252,0
253,0
254,1
255,1
256,0
257,1
258,0
259,1
260,1
261,0
262,1
263,1
264,0
265,0
266,0
267,1
268,0
269,1
270,0
271,0
272,0
273,1
274,0
275,1
276,0
277,0
278,0
279,0
280,0
281,1
282,0
283,1
284,1
285,1
286,1
287,1
288,0
289,0
290,1
291,1
292,1
293,1
294,1
295,1
296,1
297,0
298,1
299,0
300,1
301,0
302,1
303,0
304,0
305,0
306,1
307,0
308,1
309,0
310,0
311,1
312,1
313,1
314,1
315,0
316,0
317,1
318,0
319,1
320,1
321,1
322,1
323,0
324,1
325,0
326,0
327,1
328,0
329,1
330,0
331,0
332,0
333,1
334,1
335,1
336,0
337,1
338,1
339,1
340,0
341,1
342,0
343,0
344,1
345,1
346,0
347,1
348,1
349,1
350,1
351,1
352,0
353,0
354,0
355,1
356,1
357,1
358,0
359,0
360,0
361,1
362,1
363,1
364,0
365,0
366,1
367,0
368,1
369,1
370,0
371,0
372,0
373,0
374,0
375,1
376,0
377,0
378,1
379,0
380,0
381,1
382,1
383,0
384,1
385,0
386,1
387,0
388,1
389,0
390,1
391,0
392,1
393,1
394,0
395,0
396,0
397,1
398,0
399,1
400,1
401,0
402,1
403,1
404,0
405,0
406,0
407,0
408,1
409,0
410,1
411,0
412,1
413,1
414,1
415,0
416,0
417,0
418,0
419,0
420,0
421,1
422,1
423,1
424,0
425,1
426,1
427,0
428,0
429,0
430,1
431,1
432,0
433,1
434,1
435,1
436,0
437,0
438,0
439,1
440,0
441,0
442,0
443,1
444,1
445,0
446,1
447,1
448,1
449,0
450,0
451,1
452,1
453,1
454,1
455,0
456,0
457,0
458,0
459,0
460,0
461,1
462,1
463,1
464,0
465,0
466,0
467,1
468,1
469,0
470,0
471,0
472,0
473,1
474,0
475,0
476,1
477,1
478,1
479,0
480,0
481,1
482,1
483,0
484,1
485,1
486,1
487,1
488,0
489,0
490,1
491,1
492,0
493,1
494,0
495,1
496,1
497,1
498,1
499,1
500,0
501,0
502,0
503,1
504,1
505,1
506,1
507,0
508,0
509,0
510,1
511,0
512,1
513,0
514,0
515,0
516,0
517,1
518,1
519,0
520,1
521,1
522,1
523,1
524,1
525,1
526,0
527,1
528,0
529,1
530,0
531,1
532,1
533,1
534,1
535,0
536,0
537,0
538,0
539,1
540,0
541,1
542,1
543,0
544,0
545,1
546,0
547,0
548,1
549,0
550,1
551,1
552,0
553,1
554,1
555,1
556,1
557,0
558,0
559,1
560,1
561,0
562,1
563,1
564,1
565,1
566,1
567,0
568,1
569,1
570,0
571,1
572,1
573,1
574,1
575,0
576,0
577,1
578,1
579,0
580,1
581,0
582,0
583,0
584,1
585,0
586,0
587,1
588,1
589,0
590,1
591,1
592,0
593,1
594,0
595,0
596,0
597,0
598,1
599,1
600,1
601,1
602,0
603,1
604,0
605,0
606,1
607,1
608,0
609,0
610,1
611,1
612,1
613,0
614,1
615,1
616,1
617,0
618,0
619,0
620,1
621,0
622,0
623,0
624,1
625,0
626,1
627,0
628,1
629,1
630,1
631,1
632,1
633,1
634,0
635,1
636,1
637,1
638,0
639,0
640,1
641,0
642,0
643,1
644,1
645,0
646,1
647,1
648,1
649,1
650,1
651,1
652,1
653,1
654,0
655,0
656,0
657,1
658,0
659,0
660,1
661,1
662,0
663,1
664,1
665,1
666,0
667,0
668,1
669,1
670,1
671,1
672,1
673,0
674,0
675,1
676,1
677,0
678,0
679,1
680,0
681,0
682,1
683,0
684,1
685,1
686,1
687,0
688,0
689,0
690,0
691,1
692,0
693,1
694,1
695,0
696,0
697,1
698,0
699,1
700,0
701,1
702,1
703,0
704,1
705,0
706,1
707,1
708,1
709,1
710,0
711,1
712,0
713,1
714,0
715,0
716,0
717,1
718,1
719,1
720,0
721,1
722,0
723,0
724,1
725,1
726,0
727,0
728,1
729,0
730,1
731,0
732,0
733,1
734,0
735,1
736,1
737,0
738,1
739,0
740,0
741,0
742,1
743,0
744,0
745,1
746,1
747,1
748,0
749,0
750,0
751,1
752,1
753,1
754,0
755,0
756,1
757,1
758,1
759,0
760,0
761,1
762,0
763,1
764,1
765,0
766,0
767,0
768,1
769,1
770,1
771,1
772,1
773,1
774,0
775,1
776,0
777,1
778,1
779,1
780,1
781,1
782,0
783,0
784,0
785,0
786,1
787,1
788,1
789,1
790,0
791,1
792,1
793,0
794,0
795,0
796,0
797,0
798,1
799,0
800,1
801,1
802,1
803,1
804,1
805,0
806,0
807,1
808,1
809,1
810,1
811,1
812,1
813,0
814,1
815,1
816,1
817,0
818,1
819,0
820,1
821,0
822,0
823,1
824,1
825,1
826,1
827,0
828,0
829,0
830,0
831,1
832,0
833,0
834,0
835,0
836,1
837,0
838,1
839,1
840,1
841,0
842,1
843,1
844,1
845,0
846,1
847,0
848,1
849,1
850,0
851,1
852,0
853,1
854,1
855,0
856,0
857,0
858,0
859,0
860,1
861,0
862,0
863,0
864,0
865,1
866,1
867,0
868,1
869,1
870,1
871,0
872,1
873,0
874,1
875,1
876,1
877,0
878,0
879,1
880,1
881,1
882,0
883,1
884,0
885,0
886,1
887,0
888,1
889,1
890,0
891,1
892,1
893,1
894,1
895,1
896,0
897,1
898,1
899,1
900,1
901,1
902,1
903,1
904,1
905,1
906,0
907,0
908,0
909,0
910,0
911,1
912,0
913,1
914,1
915,1
916,1
917,1
918,1
919,1
920,1
921,1
922,1
923,0
924,0
925,1
926,0
927,1
928,1
929,1
930,0
931,0
932,1
933,1
934,0
935,0
936,0
937,1
938,0
939,0
940,0
941,1
942,1
943,1
944,0
945,0
946,1
947,1
948,1
949,0
950,0
951,1
952,0
953,1
954,1
955,0
956,1
957,1
958,0
959,0
960,0
961,0
962,0
963,1
964,1
965,0
966,0
967,0
968,0
969,1
970,0
971,0
972,1
973,1
974,0
975,0
976,1
977,1
978,0
979,0
980,0
981,1
982,1
983,1
984,1
985,0
986,1
987,1
988,0
989,1
990,0
991,1
992,1
993,0
994,0
995,0
996,1
997,0
998,1
999,1
1000,1
1001,1
1002,0
1003,1
1004,1
1005,0
1006,1
1007,0
1008,1
1009,0
1010,0
1011,1
1012,0
1013,0
1014,1
1015,1
1016,0
1017,1
1018,0
1019,1
1020,0
1021,1
1022,0
1023,1
1024,0
1025,1
1026,1
1027,0
1028,0
1029,1
1030,1
1031,1
1032,1
1033,0
1034,1
1035,0
1036,0
1037,0
1038,1
1039,1
1040,0
1041,1
1042,0
1043,1
1044,1
1045,0
1046,1
1047,1
1048,0
1049,1
1050,1
1051,0
1052,1
1053,0
1054,0
1055,0
1056,1
1057,1
1058,1
1059,1
1060,1
1061,1
1062,0
1063,1
1064,1
1065,1
1066,0
1067,1
1068,1
1069,0
1070,1
1071,1
1072,1
1073,0
1074,1
1075,1
1076,0
1077,1
1078,1
1079,1
1080,1
1081,1
1082,1
1083,0
1084,1
1085,1
1086,0
1087,1
1088,0
1089,1
1090,0
1091,0
1092,1
1093,0
1094,0
1095,0
1096,1
1097,1
1098,0
1099,0
1100,0
1101,0
1102,0
1103,1
1104,0
1105,1
1106,0
1107,1
1108,0
1109,1
1110,1
1111,1
1112,0
1113,1
1114,0
1115,0
1116,0
1117,1
1118,0
1119,0
1120,1
1121,0
1122,1
1123,0
1124,1
1125,1
1126,1
1127,1
1128,0
1129,1
1130,1
1131,0
1132,0
1133,1
1134,1
1135,1
1136,0
1137,1
1138,1
1139,0
1140,1
1141,0
1142,1
1143,0
1144,1
1145,1
1146,0
1147,1
1148,1
1149,1
1150,1
1151,1
1152,1
1153,0
1154,0
1155,1
1156,1
1157,1
1158,0
1159,1
1160,1
1161,1
1162,1
1163,1
1164,1
1165,0
1166,1
1167,0
1168,1
1169,0
1170,1
1171,1
1172,1
1173,1
1174,1
1175,1
1176,1
1177,1
1178,1
1179,0
1180,1
1181,1
1182,0
1183,0
1184,1
1185,1
1186,1
1187,0
1188,0
1189,0
1190,0
1191,1
1192,1
1193,0
1194,0
1195,0
1196,1
1197,1
1198,0
1199,0
1200,1
1201,1
1202,1
1203,1
1204,0
1205,1
1206,0
1207,0
1208,1
1209,0
1210,1
1211,0
1212,1
1213,0
1214,1
1215,1
1216,1
1217,0
1218,1
1219,1
1220,1
1221,0
1222,1
1223,0
1224,1
1225,0
1226,1
1227,0
1228,0
1229,0
1230,0
1231,1
1232,1
1233,0
1234,0
1235,0
1236,0
1237,1
1238,0
1239,1
1240,0
1241,0
1242,0
1243,0
1244,0
1245,0
1246,1
1247,1
1248,1
1249,0
1250,0
1251,0
1252,1
1253,0
1254,1
1255,1
1256,1
1257,1
1258,1
1259,0
1260,0
1261,1
1262,1
1263,1
1264,0
1265,1
1266,0
1267,1
1268,1
1269,0
1270,1
1271,0
1272,0
1273,0
1274,1
1275,1
1276,0
1277,1
1278,0
1279,0
1280,1
1281,1
1282,1
1283,1
1284,0
1285,0
1286,0
1287,1
1288,1
1289,1
1290,1
1291,0
1292,1
1293,0
1294,0
1295,1
1296,0
1297,1
1298,0
1299,0
1300,1
1301,0
1302,0
1303,1
1304,0
1305,1
1306,1
1307,0
1308,0
1309,0
1310,0
1311,1
1312,0
1313,1
1314,1
1315,0
1316,0
1317,1
1318,1
1319,1
1320,1
1321,1
1322,0
1323,0
1324,0
1325,0
1326,0
1327,0
1328,1
1329,0
1330,0
1331,1
1332,0
1333,0
1334,1
1335,0
1336,1
1337,0
1338,1
1339,0
1340,1
1341,0
1342,0
1343,0
1344,1
1345,0
1346,1
1347,0
1348,0
1349,0
1350,0
1351,1
1352,0
1353,0
1354,1
1355,1
1356,0
1357,0
1358,1
1359,0
1360,1
1361,0
1362,0
1363,1
1364,1
1365,0
1366,0
1367,0
1368,1
1369,1
1370,1
1371,0
1372,1
1373,1
1374,1
1375,0
1376,1
1377,1
1378,0
1379,1
1380,1
1381,1
1382,0
1383,1
1384,1
1385,1
1386,1
1387,0
1388,0
1389,1
1390,0
1391,0
1392,1
1393,0
1394,1
1395,0
1396,1
1397,1
1398,0
1399,0
1400,0
1401,1
1402,1
1403,0
1404,1
1405,1
1406,0
1407,0
1408,0
1409,0
1410,1
1411,1
1412,1
1413,1
1414,1
1415,0
1416,1
1417,0
1418,0
1419,0
1420,1
1421,1
1422,0
1423,1
1424,1
1425,1
1426,0
1427,0
1428,0
1429,0
1430,0
1431,0
1432,0
1433,1
1434,0
1435,1
1436,1
1437,0
1438,1
1439,1
1440,0
1441,1
1442,1
1443,0
1444,0
1445,1
1446,1
1447,1
1448,1
1449,1
1450,0
1451,0
1452,1
1453,0
1454,1
1455,1
1456,0
1457,0
1458,0
1459,0
1460,0
1461,1
1462,0
1463,1
1464,1
1465,1
1466,0
1467,0
1468,0
1469,1
1470,1
1471,1
1472,0
1473,1
1474,1
1475,1
1476,1
1477,1
1478,0
1479,0
1480,1
1481,1
1482,1
1483,1
1484,1
1485,1
1486,0
1487,1
1488,0
1489,0
1490,0
1491,0
1492,1
1493,1
1494,1
1495,1
1496,1
1497,0
1498,0
1499,0
1500,1
1501,1
1502,1
1503,1
1504,1
1505,1
1506,1
1507,1
1508,1
1509,0
1510,1
1511,0
1512,1
1513,0
1514,1
1515,0
1516,0
1517,0
1518,0
1519,1
1520,0
1521,0
1522,0
1523,1
1524,1
1525,0
1526,0
1527,0
1528,1
1529,0
1530,0
1531,1
1532,0
1533,0
1534,0
1535,1
1536,0
1537,1
1538,0
1539,0
1540,1
1541,1
1542,1
1543,1
1544,1
1545,1
1546,0
1547,1
1548,1
1549,0
1550,1
1551,1
1552,0
1553,0
1554,1
1555,0
1556,1
1557,0
1558,1
1559,1
1560,0
1561,0
1562,1
1563,1
1564,0
1565,1
1566,1
1567,0
1568,0
1569,0
1570,1
1571,0
1572,1
1573,1
1574,1
1575,0
1576,1
1577,0
1578,1
1579,1
1580,0
1581,1
1582,0
1583,1
1584,1
1585,0
1586,0
1587,1
1588,0
1589,0
1590,0
1591,0
1592,0
1593,1
1594,0
1595,1
1596,0
1597,0
1598,1
1599,1
1600,1
1601,0
1602,1
1603,1
1604,1
1605,0
1606,0
1607,0
1608,1
1609,0
1610,1
1611,1
1612,0
1613,1
1614,0
1615,1
1616,0
1617,0
1618,1
1619,1
1620,1
1621,0
1622,0
1623,0
1624,0
1625,0
1626,0
1627,0
1628,1
1629,0
1630,1
1631,1
1632,0
1633,0
1634,1
1635,0
1636,1
1637,1
1638,1
1639,0
1640,0
1641,0
1642,0
1643,0
1644,0
1645,1
1646,0
1647,0
1648,0
1649,0
1650,1
1651,1
1652,0
1653,0
1654,1
1655,1
1656,1
1657,1
1658,1
1659,0
1660,0
1661,1
1662,0
1663,1
1664,0
1665,0
1666,0
1667,1
1668,0
1669,0
1670,1
1671,0
1672,1
1673,0
1674,1
1675,1
1676,1
1677,1
1678,0
1679,1
1680,1
1681,0
1682,0
1683,0
1684,0
1685,0
1686,1
1687,0
1688,0
1689,0
1690,1
1691,0
1692,1
1693,1
1694,1
1695,1
1696,0
1697,0
1698,1
1699,1
1700,0
1701,0
1702,1
1703,1
1704,0
1705,0
1706,0
1707,1
1708,1
1709,1
1710,1
1711,1
1712,1
1713,1
1714,1
1715,1
1716,0
1717,0
1718,0
1719,1
1720,0
1721,0
1722,0
1723,1
1724,1
1725,0
1726,1
1727,1
1728,0
1729,0
1730,0
1731,0
1732,1
1733,0
1734,0
1735,0
1736,0
1737,1
1738,1
1739,1
1740,0
1741,1
1742,0
1743,1
1744,1
1745,0
1746,0
1747,0
1748,0
1749,1
1750,1
1751,1
1752,0
1753,1
1754,1
1755,0
1756,1
1757,1
1758,0
1759,0
1760,0
1761,1
1762,1
1763,0
1764,0
1765,1
1766,0
1767,1
1768,0
1769,1
1770,1
1771,1
1772,1
1773,0
1774,0
1775,0
1776,0
1777,1
1778,0
1779,1
1780,1
1781,1
1782,1
1783,1
1784,0
1785,0
1786,1
1787,1
1788,0
1789,1
1790,0
1791,1
1792,1
1793,1
1794,1
1795,1
1796,1
1797,0
1798,1
1799,1
1800,1
1801,0
1802,1
1803,1
1804,0
1805,0
1806,0
1807,0
1808,1
1809,0
1810,1
1811,0
1812,1
1813,1
1814,0
1815,0
1816,0
1817,0
1818,0
1819,1
1820,0
1821,1
1822,1
1823,0
1824,1
1825,1
1826,0
1827,0
1828,0
1829,1
1830,0
1831,1
1832,0
1833,1
1834,1
1835,0
1836,0
1837,0
1838,0
1839,0
1840,1
1841,0
1842,1
1843,1
1844,1
1845,1
1846,1
1847,0
1848,1
1849,0
1850,1
1851,0
1852,1
1853,1
1854,1
1855,1
1856,1
1857,1
1858,1
1859,0
1860,0
1861,0
1862,0
1863,0
1864,0
1865,0
1866,0
1867,1
1868,0
1869,1
1870,1
1871,1
1872,0
1873,1
1874,0
1875,1
1876,0
1877,1
1878,1
1879,1
1880,1
1881,1
1882,0
1883,0
1884,0
1885,0
1886,0
1887,0
1888,0
1889,0
1890,1
1891,1
1892,1
1893,1
1894,0
1895,0
1896,1
1897,1
1898,1
1899,0
1900,0
1901,0
1902,0
1903,1
1904,0
1905,0
1906,1
1907,0
1908,1
1909,0
1910,0
1911,0
1912,1
1913,0
1914,1
1915,1
1916,1
1917,0
1918,0
1919,0
1920,0
1921,0
1922,1
1923,1
1924,0
1925,0
1926,1
1927,1
1928,0
1929,0
1930,1
1931,0
1932,0
1933,0
1934,0
1935,0
1936,0
1937,1
1938,0
1939,1
1940,1
1941,0
1942,1
1943,1
1944,0
1945,1
1946,0
1947,0
1948,0
1949,0
1950,0
1951,1
1952,1
1953,1
1954,0
1955,0
1956,0
1957,0
1958,1
1959,0
1960,0
1961,1
1962,1
1963,0
1964,1
1965,1
1966,1
1967,1
1968,1
1969,0
1970,1
1971,1
1972,0
1973,1
1974,1
1975,1
1976,0
1977,1
1978,1
1979,0
1980,1
1981,0
1982,1
1983,1
1984,0
1985,1
1986,1
1987,0
1988,1
1989,0
1990,0
1991,1
1992,1
1993,1
1994,1
1995,0
1996,1
1997,0
1998,1
1999,1
2000,1
2001,1
2002,1
2003,1
2004,1
2005,0
2006,1
2007,0
2008,1
2009,1
2010,1
2011,1
2012,1
2013,1
2014,1
2015,0
2016,0
2017,0
2018,0
2019,1
2020,0
2021,0
2022,0
2023,1
2024,1
2025,1
2026,0
2027,0
2028,1
2029,0
2030,0
2031,1
2032,1
2033,1
2034,0
2035,1
2036,0
2037,1
2038,1
2039,0
2040,1
2041,1
2042,1
2043,0
2044,1
2045,1
2046,1
2047,0
2048,0
2049,0
2050,0
2051,1
2052,1
2053,0
2054,1
2055,0
2056,0
2057,0
2058,1
2059,1
2060,1
2061,1
2062,0
2063,1
2064,0
2065,1
2066,1
2067,0
2068,0
2069,0
2070,0
2071,1
2072,0
2073,0
2074,0
2075,1
2076,1
2077,1
2078,1
2079,0
2080,1
2081,1
2082,0
2083,1
2084,0
2085,1
2086,0
2087,0
2088,1
2089,1
2090,1
2091,1
2092,1
2093,0
2094,0
2095,0
2096,1
2097,0
2098,1
2099,1
2100,0
2101,1
2102,0
2103,1
2104,0
2105,0
2106,0
2107,1
2108,1
2109,1
2110,1
2111,0
2112,0
2113,0
2114,0
2115,1
2116,0
2117,1
2118,0
2119,0
2120,1
2121,1
2122,0
2123,1
2124,1
2125,1
2126,1
2127,0
2128,1
2129,1
2130,1
2131,1
2132,0
2133,0
2134,0
2135,1
2136,1
2137,1
2138,0
2139,0
2140,0
2141,1
2142,1
2143,1
2144,0
2145,0
2146,0
2147,1
2148,1
2149,1
2150,1
2151,0
2152,1
2153,0
2154,1
2155,0
2156,1
2157,1
2158,0
2159,1
2160,1
2161,1
2162,1
2163,1
2164,0
2165,1
2166,1
2167,0
2168,1
2169,0
2170,0
2171,1
2172,1
2173,0
2174,1
2175,1
2176,1
2177,0
2178,0
2179,0
2180,1
2181,0
2182,0
2183,1
2184,1
2185,1
2186,0
2187,1
2188,1
2189,0
2190,1
2191,0
2192,0
2193,1
2194,1
2195,0
2196,0
2197,1
2198,0
2199,1
2200,1
2201,1
2202,1
2203,0
2204,0
2205,1
2206,1
2207,1
2208,0
2209,1
2210,0
2211,1
2212,0
2213,0
2214,1
2215,1
2216,0
2217,1
2218,0
2219,0
2220,0
2221,0
2222,1
2223,0
2224,0
2225,1
2226,1
2227,0
2228,0
2229,1
2230,0
2231,1
2232,0
2233,0
2234,1
2235,1
2236,1
2237,1
2238,0
2239,1
2240,0
2241,0
2242,0
2243,0
2244,0
2245,0
2246,1
2247,0
2248,1
2249,0
2250,0
2251,0
2252,0
2253,0
2254,0
2255,0
2256,1
2257,1
2258,0
2259,1
2260,0
2261,1
2262,0
2263,0
2264,1
2265,0
2266,1
2267,0
2268,1
2269,1
2270,1
2271,1
2272,1
2273,0
2274,0
2275,0
2276,1
2277,1
2278,0
2279,0
2280,1
2281,1
2282,1
2283,0
2284,1
2285,1
2286,1
2287,1
2288,0
2289,0
2290,1
2291,0
2292,0
2293,1
2294,1
2295,0
2296,1
2297,1
2298,1
2299,1
2300,1
2301,1
2302,1
2303,1
2304,0
2305,0
2306,1
2307,0
2308,1
2309,0
2310,0
2311,0
2312,1
2313,1
2314,0
2315,1
2316,0
2317,0
2318,1
2319,1
2320,1
2321,1
2322,0
2323,0
2324,1
2325,0
2326,1
2327,1
2328,0
2329,1
2330,1
2331,0
2332,0
2333,1
2334,1
2335,1
2336,1
2337,1
2338,0
2339,1
2340,0
2341,0
2342,1
2343,1
2344,1
2345,0
2346,1
2347,0
2348,1
2349,0
2350,0
2351,1
2352,1
2353,0
2354,1
2355,1
2356,0
2357,1
2358,0
2359,1
2360,1
2361,1
2362,0
2363,1
2364,1
2365,1
2366,0
2367,1
2368,0
2369,1
2370,1
2371,1
2372,0
2373,0
2374,0
2375,1
2376,0
2377,1
2378,1
2379,0
2380,0
2381,0
2382,1
2383,1
2384,0
2385,1
2386,1
2387,0
2388,0
2389,0
2390,0
2391,0
2392,1
2393,0
2394,1
2395,1
2396,0
2397,0
2398,1
2399,1
2400,1
2401,0
2402,1
2403,1
2404,0
2405,1
2406,1
2407,0
2408,1
2409,0
2410,0
2411,1
2412,1
2413,1
2414,1
2415,0
2416,0
2417,0
2418,1
2419,1
2420,1
2421,1
2422,1
2423,0
2424,0
2425,1
2426,1
2427,1
2428,0
2429,0
2430,1
2431,1
2432,0
2433,0
2434,1
2435,0
2436,0
2437,1
2438,0
2439,1
2440,1
2441,0
2442,0
2443,1
2444,1
2445,0
2446,0
2447,0
2448,1
2449,1
2450,1
2451,0
2452,0
2453,0
2454,1
2455,1
2456,0
2457,1
2458,1
2459,0
2460,1
2461,1
2462,1
2463,1
2464,1
2465,1
2466,1
2467,0
2468,1
2469,1
2470,1
2471,0
2472,1
2473,1
2474,1
2475,0
2476,1
2477,1
2478,1
2479,1
2480,0
2481,1
2482,1
2483,0
2484,1
2485,1
2486,1
2487,1
2488,1
2489,0
2490,1
2491,0
2492,1
2493,0
2494,0
2495,0
2496,1
2497,1
2498,1
2499,1
2500,1
2501,0
2502,0
2503,0
2504,1
2505,1
2506,0
2507,1
2508,0
2509,0
2510,1
2511,0
2512,1
2513,0
2514,1
2515,1
2516,1
2517,0
2518,1
2519,0
2520,1
2521,0
2522,1
2523,0
2524,1
2525,0
2526,1
2527,0
2528,0
2529,1
2530,0
2531,0
2532,0
2533,1
2534,1
2535,0
2536,1
2537,0
2538,1
2539,1
2540,1
2541,1
2542,1
2543,1
2544,1
2545,1
2546,1
2547,1
2548,0
2549,1
2550,1
2551,1
2552,1
2553,0
2554,0
2555,0
2556,0
2557,1
2558,1
2559,0
2560,1
2561,1
2562,1
2563,0
2564,0
2565,1
2566,0
2567,0
2568,1
2569,0
2570,0
2571,0
2572,0
2573,1
2574,1
2575,0
2576,1
2577,0
2578,0
2579,0
2580,0
2581,1
2582,1
2583,1
2584,1
2585,1
2586,0
2587,0
2588,1
2589,1
2590,0
2591,0
2592,0
2593,0
2594,1
2595,1
2596,1
2597,1
2598,1
2599,0
2600,1
2601,0
2602,1
2603,0
2604,0
2605,1
2606,0
2607,1
2608,0
2609,0
2610,1
2611,0
2612,0
2613,0
2614,1
2615,0
2616,1
2617,1
2618,0
2619,0
2620,1
2621,0
2622,0
2623,1
2624,0
2625,1
2626,0
2627,0
2628,0
2629,1
2630,1
2631,1
2632,1
2633,0
2634,0
2635,0
2636,0
2637,1
2638,1
2639,1
2640,0
2641,0
2642,0
2643,1
2644,1
2645,1
2646,0
2647,1
2648,1
2649,1
2650,1
2651,0
2652,0
2653,0
2654,0
2655,1
2656,1
2657,1
2658,1
2659,0
2660,1
2661,1
2662,1
2663,0
2664,1
2665,0
2666,1
2667,0
2668,1
2669,0
2670,1
2671,1
2672,0
2673,1
2674,1
2675,0
2676,1
2677,0
2678,1
2679,0
2680,0
2681,1
2682,1
2683,0
2684,1
2685,0
2686,1
2687,1
2688,1
2689,1
2690,0
2691,0
2692,0
2693,0
2694,1
2695,1
2696,1
2697,1
2698,1
2699,1
2700,0
2701,1
2702,1
2703,1
2704,0
2705,1
2706,0
2707,1
2708,0
2709,1
2710,1
2711,1
2712,0
2713,1
2714,0
2715,1
2716,1
2717,0
2718,0
2719,0
2720,0
2721,0
2722,0
2723,1
2724,1
2725,0
2726,0
2727,0
2728,0
2729,0
2730,1
2731,1
2732,0
2733,1
2734,0
2735,1
2736,0
2737,0
2738,1
2739,0
2740,0
2741,1
2742,0
2743,0
2744,0
2745,1
2746,0
2747,0
2748,1
2749,0
2750,0
2751,1
2752,0
2753,0
2754,0
2755,0
2756,0
2757,1
2758,1
2759,1
2760,0
2761,1
2762,1
2763,1
2764,0
2765,1
2766,1
2767,0
2768,0
2769,1
2770,1
2771,1
2772,1
2773,0
2774,0
2775,1
2776,0
2777,1
2778,1
2779,0
2780,0
2781,0
2782,0
2783,0
2784,1
2785,1
2786,0
2787,1
2788,1
2789,0
2790,0
2791,0
2792,0
2793,0
2794,1
2795,1
2796,1
2797,1
2798,0
2799,1
2800,1
2801,0
2802,1
2803,0
2804,1
2805,1
2806,1
2807,0
2808,0
2809,0
2810,0
2811,0
2812,1
2813,1
2814,0
2815,0
2816,0
2817,1
2818,0
2819,0
2820,1
2821,1
2822,0
2823,1
2824,1
2825,0
2826,0
2827,1
2828,0
2829,1
2830,1
2831,1
2832,0
2833,1
2834,1
2835,0
2836,1
2837,0
2838,0
2839,0
2840,1
2841,1
2842,0
2843,0
2844,1
2845,0
2846,0
2847,1
2848,0
2849,1
2850,1
2851,0
2852,0
2853,1
2854,1
2855,1
2856,0
2857,1
2858,0
2859,1
2860,1
2861,0
2862,1
2863,0
2864,1
2865,1
2866,0
2867,0
2868,0
2869,1
2870,0
2871,0
2872,1
2873,0
2874,0
2875,0
2876,0
2877,0
2878,1
2879,1
2880,1
2881,0
2882,1
2883,1
2884,1
2885,1
2886,1
2887,1
2888,0
2889,1
2890,1
2891,0
2892,0
2893,1
2894,1
2895,1
2896,0
2897,1
2898,1
2899,1
2900,0
2901,0
2902,1
2903,0
2904,1
2905,0
2906,0
2907,0
2908,0
2909,0
2910,0
2911,0
2912,1
2913,1
2914,1
2915,1
2916,0
2917,1
2918,1
2919,1
2920,0
2921,1
2922,0
2923,0
2924,0
2925,1
2926,0
2927,1
2928,1
2929,1
2930,0
2931,0
2932,0
2933,1
2934,1
2935,1
2936,1
2937,0
2938,1
2939,1
2940,1
2941,1
2942,1
2943,1
2944,0
2945,0
2946,1
2947,1
2948,0
2949,0
2950,1
2951,0
2952,0
2953,1
2954,0
2955,0
2956,1
2957,0
2958,0
2959,0
2960,1
2961,1
2962,0
2963,0
2964,1
2965,1
2966,0
2967,0
2968,1
2969,1
2970,0
2971,0
2972,1
2973,1
2974,1
2975,0
2976,1
2977,1
2978,1
2979,0
2980,0
2981,0
2982,1
2983,0
2984,1
2985,1
2986,1
2987,0
2988,0
2989,0
2990,1
2991,0
2992,0
2993,0
2994,1
2995,0
2996,0
2997,1
2998,1
2999,1
3000,0
3001,1
3002,0
3003,0
3004,1
3005,0
3006,1
3007,1
3008,1
3009,0
3010,1
3011,0
3012,0
3013,1
3014,1
3015,0
3016,0
3017,1
3018,1
3019,1
3020,1
3021,1
3022,0
3023,0
3024,0
3025,0
3026,1
3027,0
3028,1
3029,0
3030,0
3031,0
3032,0
3033,0
3034,0
3035,0
3036,0
3037,1
3038,1
3039,1
3040,0
3041,0
3042,1
3043,1
3044,0
3045,1
3046,0
3047,0
3048,1
3049,1
3050,0
3051,1
3052,1
3053,1
3054,1
3055,0
3056,1
3057,1
3058,1
3059,0
3060,0
3061,1
3062,0
3063,0
3064,1
3065,1
3066,0
3067,1
3068,1
3069,1
3070,0
3071,1
3072,0
3073,1
3074,1
3075,0
3076,1
3077,1
3078,0
3079,0
3080,1
3081,1
3082,0
3083,1
3084,0
3085,0
3086,1
3087,0
3088,0
3089,1
3090,0
3091,1
3092,0
3093,0
3094,0
3095,0
3096,0
3097,0
3098,1
3099,0
3100,0
3101,1
3102,1
3103,0
3104,1
3105,1
3106,1
3107,0
3108,1
3109,1
3110,0
3111,1
3112,1
3113,1
3114,0
3115,0
3116,0
3117,0
3118,1
3119,1
3120,1
3121,0
3122,0
3123,0
3124,1
3125,1
3126,0
3127,1
3128,1
3129,0
3130,1
3131,0
3132,1
3133,0
3134,1
3135,1
3136,1
3137,1
3138,0
3139,1
3140,0
3141,0
3142,1
3143,0
3144,1
3145,1
3146,1
3147,1
3148,0
3149,1
3150,0
3151,1
3152,0
3153,0
3154,1
3155,0
3156,0
3157,0
3158,1
3159,1
3160,0
3161,0
3162,1
3163,0
3164,0
3165,0
3166,1
3167,1
3168,0
3169,0
3170,1
3171,0
3172,1
3173,1
3174,0
3175,1
3176,1
3177,0
3178,0
3179,1
3180,0
3181,1
3182,0
3183,1
3184,0
3185,1
3186,0
3187,0
3188,1
3189,0
3190,1
3191,1
3192,1
3193,0
3194,0
3195,0
3196,0
3197,0
3198,0
3199,0
3200,1
3201,0
3202,1
3203,0
3204,0
3205,0
3206,1
3207,1
3208,1
3209,1
3210,1
3211,1
3212,0
3213,0
3214,0
3215,0
3216,1
3217,0
3218,1
3219,1
3220,1
3221,0
3222,0
3223,1
3224,0
3225,1
3226,0
3227,0
3228,0
3229,0
3230,1
3231,0
3232,1
3233,0
3234,0
3235,0
3236,1
3237,0
3238,1
3239,1
3240,0
3241,1
3242,1
3243,0
3244,1
3245,0
3246,0
3247,0
3248,1
3249,1
3250,0
3251,0
3252,1
3253,1
3254,0
3255,0
3256,0
3257,0
3258,1
3259,0
3260,0
3261,0
3262,1
3263,1
3264,1
3265,0
3266,0
3267,1
3268,0
3269,0
3270,1
3271,1
3272,0
3273,1
3274,0
3275,0
3276,0
3277,0
3278,1
3279,1
3280,0
3281,1
3282,1
3283,0
3284,0
3285,1
3286,0
3287,1
3288,0
3289,0
3290,1
3291,0
3292,1
3293,1
3294,1
3295,0
3296,1
3297,0
3298,0
3299,1
3300,0
3301,0
3302,1
3303,1
3304,0
3305,0
3306,0
3307,1
3308,0
3309,1
3310,1
3311,1
3312,1
3313,1
3314,1
3315,0
3316,1
3317,1
3318,0
3319,1
3320,0
3321,0
3322,0
3323,1
3324,0
3325,1
3326,1
3327,1
3328,1
3329,0
3330,1
3331,0
3332,1
3333,1
3334,0
3335,1
3336,1
3337,0
3338,1
3339,0
3340,1
3341,0
3342,0
3343,1
3344,0
3345,1
3346,0
3347,1
3348,0
3349,1
3350,0
3351,0
3352,0
3353,1
3354,0
3355,0
3356,0
3357,0
3358,1
3359,1
3360,0
3361,0
3362,0
3363,1
3364,1
3365,1
3366,0
3367,0
3368,1
3369,1
3370,0
3371,1
3372,1
3373,1
3374,1
3375,0
3376,1
3377,0
3378,1
3379,1
3380,1
3381,0
3382,0
3383,0
3384,0
3385,1
3386,0
3387,0
3388,1
3389,1
3390,0
3391,1
3392,1
3393,1
3394,0
3395,1
3396,0
3397,1
3398,1
3399,0
3400,1
3401,0
3402,1
3403,1
3404,1
3405,0
3406,1
3407,1
3408,1
3409,0
3410,1
3411,1
3412,0
3413,1
3414,0
3415,1
3416,0
3417,1
3418,0
3419,0
3420,1
3421,1
3422,0
3423,1
3424,0
3425,1
3426,0
3427,1
3428,1
3429,1
3430,1
3431,0
3432,1
3433,0
3434,0
3435,1
3436,1
3437,0
3438,0
3439,0
3440,0
3441,0
3442,0
3443,1
3444,0
3445,0
3446,0
3447,0
3448,0
3449,0
3450,0
3451,0
3452,1
3453,0
3454,0
3455,1
3456,1
3457,0
3458,0
3459,0
3460,0
3461,0
3462,0
3463,0
3464,0
3465,0
3466,0
3467,0
3468,0
3469,1
3470,0
3471,1
3472,1
3473,1
3474,0
3475,0
3476,1
3477,1
3478,1
3479,0
3480,0
3481,1
3482,1
3483,0
3484,1
3485,0
3486,1
3487,0
3488,1
3489,1
3490,0
3491,1
3492,0
3493,1
3494,1
3495,1
3496,1
3497,1
3498,1
3499,1
3500,1
3501,0
3502,0
3503,0
3504,1
3505,1
3506,1
3507,1
3508,0
3509,0
3510,1
3511,1
3512,1
3513,1
3514,1
3515,0
3516,0
3517,1
3518,1
3519,1
3520,1
3521,0
3522,0
3523,1
3524,1
3525,0
3526,1
3527,0
3528,1
3529,0
3530,0
3531,1
3532,1
3533,0
3534,1
3535,1
3536,0
3537,0
3538,1
3539,0
3540,0
3541,0
3542,0
3543,1
3544,1
3545,0
3546,1
3547,1
3548,1
3549,1
3550,1
3551,1
3552,1
3553,0
3554,1
3555,1
3556,1
3557,0
3558,0
3559,1
3560,0
3561,1
3562,0
3563,1
3564,1
3565,1
3566,1
3567,1
3568,0
3569,0
3570,1
3571,1
3572,0
3573,1
3574,1
3575,1
3576,1
3577,0
3578,0
3579,0
3580,0
3581,1
3582,1
3583,0
3584,1
3585,0
3586,1
3587,1
3588,1
3589,0
3590,1
3591,1
3592,0
3593,1
3594,1
3595,0
3596,1
3597,1
3598,0
3599,0
3600,0
3601,0
3602,1
3603,0
3604,1
3605,1
3606,1
3607,0
3608,1
3609,1
3610,0
3611,1
3612,1
3613,1
3614,1
3615,1
3616,0
3617,0
3618,0
3619,1
3620,0
3621,0
3622,0
3623,1
3624,1
3625,1
3626,1
3627,1
3628,0
3629,1
3630,1
3631,1
3632,0
3633,1
3634,1
3635,1
3636,1
3637,1
3638,1
3639,1
3640,1
3641,0
3642,1
3643,1
3644,0
3645,0
3646,0
3647,0
3648,1
3649,0
3650,1
3651,1
3652,1
3653,1
3654,0
3655,0
3656,1
3657,0
3658,1
3659,0
3660,0
3661,1
3662,0
3663,0
3664,0
3665,0
3666,0
3667,0
3668,1
3669,0
3670,1
3671,1
3672,0
3673,0
3674,0
3675,1
3676,1
3677,1
3678,1
3679,1
3680,0
3681,1
3682,1
3683,0
3684,0
3685,0
3686,0
3687,0
3688,0
3689,0
3690,0
3691,1
3692,0
3693,0
3694,0
3695,1
3696,0
3697,0
3698,0
3699,0
3700,1
3701,1
3702,0
3703,1
3704,0
3705,1
3706,1
3707,1
3708,1
3709,0
3710,0
3711,1
3712,1
3713,1
3714,1
3715,1
3716,0
3717,0
3718,1
3719,1
3720,0
3721,1
3722,1
3723,0
3724,1
3725,0
3726,1
3727,1
3728,0
3729,0
3730,1
3731,0
3732,0
3733,0
3734,1
3735,0
3736,1
3737,1
3738,0
3739,0
3740,0
3741,0
3742,0
3743,1
3744,1
3745,1
3746,1
3747,0
3748,1
3749,0
3750,1
3751,0
3752,0
3753,0
3754,0
3755,1
3756,0
3757,0
3758,1
3759,0
3760,0
3761,0
3762,0
3763,1
3764,1
3765,1
3766,1
3767,0
3768,0
3769,1
3770,1
3771,0
3772,0
3773,0
3774,1
3775,0
3776,0
3777,1
3778,1
3779,0
3780,1
3781,0
3782,0
3783,1
3784,0
3785,0
3786,1
3787,1
3788,0
3789,0
3790,1
3791,0
3792,1
3793,1
3794,1
3795,1
3796,1
3797,0
3798,1
3799,1
3800,0
3801,1
3802,1
3803,0
3804,1
3805,1
3806,1
3807,0
3808,1
3809,0
3810,0
3811,0
3812,1
3813,1
3814,0
3815,1
3816,1
3817,1
3818,1
3819,1
3820,1
3821,0
3822,0
3823,0
3824,0
3825,0
3826,1
3827,0
3828,0
3829,0
3830,0
3831,1
3832,1
3833,0
3834,1
3835,1
3836,0
3837,1
3838,1
3839,1
3840,1
3841,1
3842,1
3843,0
3844,0
3845,1
3846,1
3847,1
3848,0
3849,0
3850,0
3851,1
3852,0
3853,1
3854,0
3855,1
3856,0
3857,1
3858,1
3859,1
3860,1
3861,1
3862,1
3863,1
3864,0
3865,0
3866,0
3867,0
3868,1
3869,1
3870,0
3871,0
3872,0
3873,1
3874,0
3875,1
3876,1
3877,1
3878,1
3879,0
3880,1
3881,1
3882,1
3883,0
3884,1
3885,1
3886,1
3887,1
3888,0
3889,0
3890,0
3891,0
3892,1
3893,0
3894,1
3895,1
3896,1
3897,1
3898,0
3899,1
3900,1
3901,1
3902,0
3903,1
3904,1
3905,0
3906,1
3907,0
3908,0
3909,1
3910,0
3911,0
3912,0
3913,0
3914,0
3915,1
3916,0
3917,1
3918,1
3919,1
3920,0
3921,0
3922,1
3923,1
3924,1
3925,0
3926,1
3927,1
3928,1
3929,1
3930,0
3931,1
3932,1
3933,0
3934,1
3935,1
3936,0
3937,1
3938,0
3939,0
3940,1
3941,0
3942,1
3943,1
3944,1
3945,0
3946,0
3947,0
3948,0
3949,1
3950,0
3951,1
3952,1
3953,0
3954,1
3955,0
3956,1
3957,1
3958,0
3959,1
3960,1
3961,0
3962,0
3963,1
3964,0
3965,1
3966,1
3967,1
3968,1
3969,0
3970,1
3971,0
3972,0
3973,1
3974,0
3975,0
3976,1
3977,1
3978,1
3979,1
3980,1
3981,1
3982,1
3983,1
3984,1
3985,0
3986,0
3987,1
3988,1
3989,1
3990,1
3991,1
3992,1
3993,0
3994,1
3995,1
3996,0
3997,0
3998,0
3999,1
4000,0
4001,1
4002,0
4003,0
4004,1
4005,1
4006,1
4007,1
4008,1
4009,1
4010,0
4011,0
4012,0
4013,0
4014,0
4015,0
4016,0
4017,0
4018,1
4019,0
4020,0
4021,1
4022,0
4023,0
4024,1
4025,1
4026,1
4027,1
4028,0
4029,0
4030,1
4031,1
4032,1
4033,1
4034,0
4035,1
4036,0
4037,0
4038,1
4039,0
4040,1
4041,0
4042,1
4043,0
4044,0
4045,1
4046,0
4047,1
4048,1
4049,0
4050,1
4051,0
4052,0
4053,0
4054,0
4055,1
4056,0
4057,1
4058,0
4059,1
4060,1
4061,1
4062,1
4063,1
4064,1
4065,1
4066,1
4067,0
4068,0
4069,0
4070,1
4071,0
4072,0
4073,0
4074,0
4075,1
4076,0
4077,1
4078,0
4079,0
4080,1
4081,1
4082,0
4083,0
4084,1
4085,1
4086,1
4087,0
4088,1
4089,0
4090,0
4091,1
4092,1
4093,1
4094,1
4095,0
4096,0
4097,1
4098,0
4099,1
4100,1
4101,1
4102,0
4103,1
4104,1
4105,1
4106,1
4107,1
4108,0
4109,1
4110,1
4111,0
4112,1
4113,1
4114,1
4115,0
4116,0
4117,0
4118,0
4119,0
4120,1
4121,1
4122,0
4123,0
4124,0
4125,0
4126,0
4127,0
4128,0
4129,1
4130,1
4131,1
4132,1
4133,0
4134,0
4135,0
4136,1
4137,1
4138,1
4139,0
4140,1
4141,0
4142,1
4143,0
4144,0
4145,0
4146,0
4147,0
4148,0
4149,1
4150,1
4151,0
4152,1
4153,1
4154,1
4155,1
4156,1
4157,0
4158,1
4159,1
4160,1
4161,0
4162,1
4163,1
4164,1
4165,1
4166,1
4167,0
4168,0
4169,0
4170,0
4171,0
4172,0
4173,0
4174,1
4175,0
4176,0
4177,1
4178,1
4179,0
4180,0
4181,1
4182,1
4183,0
4184,0
4185,0
4186,1
4187,1
4188,0
4189,1
4190,0
4191,1
4192,0
4193,1
4194,0
4195,0
4196,1
4197,1
4198,1
4199,0
4200,0
4201,1
4202,1
4203,0
4204,1
4205,0
4206,1
4207,1
4208,1
4209,0
4210,0
4211,1
4212,1
4213,0
4214,1
4215,1
4216,0
4217,1
4218,1
4219,0
4220,0
4221,1
4222,0
4223,1
4224,1
4225,1
4226,0
4227,0
4228,0
4229,0
4230,1
4231,0
4232,0
4233,1
4234,1
4235,0
4236,0
4237,0
4238,1
4239,0
4240,0
4241,1
4242,0
4243,0
4244,1
4245,1
4246,1
4247,1
4248,1
4249,1
4250,0
4251,0
4252,1
4253,1
4254,1
4255,0
4256,0
4257,1
4258,0
4259,0
4260,1
4261,0
4262,0
4263,0
4264,0
4265,1
4266,1
4267,0
4268,0
4269,1
4270,0
4271,0
4272,0
4273,0
4274,0
4275,1
4276,0
4277,0
4278,0
4279,1
4280,1
4281,1
4282,1
4283,1
4284,0
4285,1
4286,0
4287,0
4288,1
4289,1
4290,0
4291,0
4292,1
4293,0
4294,0
4295,1
4296,0
4297,1
4298,0
4299,0
4300,0
4301,1
4302,1
4303,0
4304,0
4305,0
4306,0
4307,1
4308,0
4309,0
4310,1
4311,1
4312,1
4313,0
4314,0
4315,1
4316,0
4317,1
4318,1
4319,1
4320,1
4321,1
4322,0
4323,1
4324,1
4325,0
4326,0
4327,0
4328,0
4329,1
4330,0
4331,1
4332,1
4333,1
4334,0
4335,1
4336,0
4337,1
4338,0
4339,1
4340,1
4341,1
4342,0
4343,1
4344,1
4345,1
4346,1
4347,1
4348,0
4349,1
4350,0
4351,1
4352,1
4353,1
4354,1
4355,1
4356,1
4357,0
4358,0
4359,1
4360,0
4361,1
4362,1
4363,1
4364,1
4365,1
4366,1
4367,1
4368,1
4369,0
4370,0
4371,1
4372,0
4373,0
4374,0
4375,1
4376,0
4377,1
4378,1
4379,1
4380,1
4381,0
4382,1
4383,0
4384,0
4385,1
4386,1
4387,0
4388,0
4389,1
4390,1
4391,1
4392,0
4393,0
4394,1
4395,0
4396,0
4397,0
4398,1
4399,0
4400,0
4401,1
4402,1
4403,0
4404,0
4405,1
4406,0
4407,1
4408,0
4409,1
4410,1
4411,1
4412,0
4413,1
4414,0
4415,0
4416,0
4417,1
4418,1
4419,1
4420,1
4421,1
4422,0
4423,1
4424,1
4425,1
4426,0
4427,1
4428,1
4429,1
4430,1
4431,0
4432,0
4433,0
4434,1
4435,0
4436,0
4437,1
4438,0
4439,1
4440,1
4441,1
4442,1
4443,0
4444,1
4445,1
4446,1
4447,0
4448,1
4449,1
4450,1
4451,0
4452,0
4453,0
4454,0
4455,0
4456,1
4457,0
4458,0
4459,0
4460,0
4461,0
4462,1
4463,1
4464,1
4465,0
4466,0
4467,0
4468,1
4469,1
4470,0
4471,0
4472,1
4473,1
4474,1
4475,1
4476,1
4477,1
4478,0
4479,1
4480,1
4481,1
4482,0
4483,1
4484,0
4485,1
4486,1
4487,0
4488,0
4489,1
4490,1
4491,0
4492,1
4493,1
4494,0
4495,0
4496,0
4497,1
4498,1
4499,1
4500,1
4501,1
4502,0
4503,0
4504,1
4505,0
4506,0
4507,1
4508,0
4509,0
4510,1
4511,1
4512,1
4513,0
4514,0
4515,0
4516,0
4517,1
4518,1
4519,1
4520,0
4521,0
4522,1
4523,1
4524,0
4525,0
4526,1
4527,1
4528,0
4529,1
4530,0
4531,0
4532,1
4533,0
4534,1
4535,0
4536,0
4537,1
4538,0
4539,1
4540,1
4541,0
4542,0
4543,1
4544,0
4545,1
4546,1
4547,1
4548,1
4549,0
4550,1
4551,1
4552,0
4553,1
4554,1
4555,0
4556,0
4557,1
4558,1
4559,1
4560,0
4561,1
4562,1
4563,1
4564,1
4565,1
4566,0
4567,0
4568,0
4569,1
4570,1
4571,1
4572,0
4573,1
4574,1
4575,1
4576,0
4577,0
4578,1
4579,1
4580,0
4581,1
4582,0
4583,1
4584,1
4585,0
4586,1
4587,1
4588,0
4589,1
4590,0
4591,0
4592,0
4593,1
4594,1
4595,1
4596,1
4597,1
4598,1
4599,0
4600,1
4601,0
4602,1
4603,0
4604,1
4605,0
4606,0
4607,0
4608,0
4609,1
4610,1
4611,1
4612,1
4613,1
4614,0
4615,1
4616,1
4617,0
4618,0
4619,0
4620,0
4621,1
4622,0
4623,1
4624,0
4625,1
4626,1
4627,0
4628,0
4629,1
4630,0
4631,1
4632,0
4633,0
4634,0
4635,1
4636,1
4637,0
4638,0
4639,0
4640,1
4641,1
4642,1
4643,1
4644,0
4645,0
4646,1
4647,0
4648,1
4649,1
4650,1
4651,0
4652,1
4653,0
4654,1
4655,0
4656,0
4657,1
4658,1
4659,1
4660,0
4661,1
4662,1
4663,1
4664,1
4665,1
4666,1
4667,0
4668,1
4669,1
4670,1
4671,0
4672,1
4673,0
4674,0
4675,0
4676,0
4677,1
4678,0
4679,1
4680,1
4681,1
4682,1
4683,1
4684,0
4685,1
4686,1
4687,0
4688,1
4689,1
4690,1
4691,0
4692,1
4693,1
4694,1
4695,1
4696,1
4697,1
4698,0
4699,0
4700,0
4701,0
4702,1
4703,1
4704,0
4705,1
4706,1
4707,0
4708,1
4709,0
4710,0
4711,0
4712,0
4713,1
4714,1
4715,1
4716,0
4717,1
4718,0
4719,0
4720,0
4721,1
4722,1
4723,1
4724,1
4725,0
4726,0
4727,0
4728,1
4729,0
4730,1
4731,0
4732,0
4733,1
4734,0
4735,1
4736,0
4737,0
4738,1
4739,0
4740,0
4741,0
4742,1
4743,0
4744,0
4745,1
4746,1
4747,0
4748,1
4749,0
4750,1
4751,0
4752,0
4753,1
4754,0
4755,0
4756,0
4757,1
4758,1
4759,1
4760,1
4761,0
4762,1
4763,1
4764,1
4765,0
4766,1
4767,1
4768,1
4769,0
4770,0
4771,1
4772,1
4773,1
4774,1
4775,0
4776,0
4777,1
4778,1
4779,0
4780,0
4781,1
4782,0
4783,0
4784,0
4785,1
4786,0
4787,1
4788,1
4789,1
4790,0
4791,0
4792,1
4793,1
4794,1
4795,0
4796,0
4797,1
4798,0
4799,0
4800,0
4801,1
4802,0
4803,0
4804,1
4805,1
4806,1
4807,0
4808,1
4809,1
4810,1
4811,1
4812,1
4813,1
4814,1
4815,0
4816,0
4817,0
4818,0
4819,1
4820,1
4821,0
4822,0
4823,0
4824,0
4825,1
4826,0
4827,0
4828,1
4829,1
4830,1
4831,1
4832,1
4833,0
4834,0
4835,0
4836,1
4837,1
4838,1
4839,0
4840,1
4841,1
4842,0
4843,0
4844,0
4845,0
4846,1
4847,1
4848,1
4849,0
4850,1
4851,0
4852,1
4853,1
4854,1
4855,1
4856,0
4857,1
4858,0
4859,0
4860,1
4861,1
4862,0
4863,1
4864,1
4865,1
4866,0
4867,0
4868,1
4869,0
4870,1
4871,0
4872,1
4873,1
4874,0
4875,0
4876,1
4877,1
4878,0
4879,0
4880,0
4881,0
4882,0
4883,1
4884,1
4885,1
4886,0
4887,1
4888,0
4889,1
4890,0
4891,1
4892,1
4893,0
4894,1
4895,0
4896,1
4897,0
4898,1
4899,0
4900,1
4901,0
4902,1
4903,1
4904,1
4905,0
4906,1
4907,1
4908,1
4909,0
4910,1
4911,1
4912,0
4913,1
4914,0
4915,1
4916,0
4917,0
4918,1
4919,1
4920,0
4921,1
4922,0
4923,0
4924,0
4925,0
4926,1
4927,1
4928,1
4929,1
4930,1
4931,0
4932,1
4933,1
4934,0
4935,0
4936,1
4937,0
4938,1
4939,0
4940,1
4941,1
4942,0
4943,0
4944,1
4945,1
4946,1
4947,1
4948,0
4949,1
4950,1
4951,0
4952,0
4953,0
4954,1
4955,1
4956,0
4957,0
4958,0
4959,0
4960,1
4961,1
4962,0
4963,0
4964,1
4965,0
4966,0
4967,1
4968,0
4969,1
4970,0
4971,0
4972,1
4973,1
4974,1
4975,0
4976,1
4977,0
4978,1
4979,1
4980,0
4981,1
4982,1
4983,1
4984,1
4985,0
4986,1
4987,0
4988,0
4989,1
4990,1
4991,1
4992,0
4993,1
4994,0
4995,1
4996,1
4997,0
4998,1
4999,1
5000,1
5001,0
5002,0
5003,1
5004,0
5005,1
5006,1
5007,0
5008,1
5009,1
5010,1
5011,1
5012,1
5013,1
5014,0
5015,0
5016,0
